time,frame,floor,inside_before,waiting_before,boarded,inside_after,waiting_after,eta_next
1758715837.325135,1,1,0,0,0,0,0,15
1758715852.7705264,42,2,0,13,6,6,7,10
1758715869.348781,83,3,6,14,1,7,13,5
1758715888.273502,124,4,7,4,1,8,3,0
1758715907.2067657,165,3,8,9,0,8,9,5
1758715926.3251092,206,2,8,13,0,8,13,10
